expertiseName,expertiseUri,count
Abiogenic,http://info.deepcarbon.net/individual/dc25b6009-d4e3-4898-a3b6-5942fd0a88dc,12
Abiogenic Hydrocarbon Exploration,http://info.deepcarbon.net/individual/75be8352d5b0a437013fa90dca,1
Abiogenic/Biogenic,http://info.deepcarbon.net/individual/cfa4c1e51dc164cca1a284d34b,1
Adsorption and Diffusion studies in coal/shale,http://info.deepcarbon.net/individual/8a79c157e38a382fa2e17ab21b,1
Anaerobic Hydrocarbon Degradation,http://info.deepcarbon.net/individual/d09b3b3ab-00c4-42d2-9d48-df76928996e0,7
Analytical chemistry,http://abstractsearch.agu.org/keywords/4803,3
Analytical chemistry,http://abstractsearch.agu.org/keywords/4803,3
Applied Zymurgy,http://info.deepcarbon.net/individual/f91eb04109e405f496e964c8f2,1
Aqueous Geochemistry,http://info.deepcarbon.net/individual/db5783619-dc95-4b8f-9f5c-d53e9237acf6,28
Archaea,http://info.deepcarbon.net/individual/a15649486a879f76295730d458,1
Art direction,http://info.deepcarbon.net/individual/4fcfae486f543bd6cc9390612d,1
Astrobiology,http://info.deepcarbon.net/individual/dcba3b4bb-935a-444c-a631-c15068e92077,29
Astrochemistry,http://info.deepcarbon.net/individual/d1b47de4e-78b0-40bc-8629-8b28527fbf44,1
Atmosphere,http://info.deepcarbon.net/individual/52acbb1cce164d4a814e74a536,1
Atmospheric Chemistry,http://info.deepcarbon.net/individual/b79f6458-abe9-4787-9b3a-f83fc3fbfff0,4
Atmospheric spectroscopy,http://info.deepcarbon.net/individual/1d6b5170ef0943ad18008fe304,1
Bacteria,http://info.deepcarbon.net/individual/6c6ce85570bc8a0e1d2acecbca,1
Bacterial Genetics,http://info.deepcarbon.net/individual/d1fea5010-8e4c-4421-b97a-d9b5a42eba8a,8
Benthic phages,http://info.deepcarbon.net/individual/0ff798345311d2f736561a1668,1
Biochemistry,http://info.deepcarbon.net/individual/df4a008bd-8fea-462f-b667-6f688beb7581,18
Biodegraded and Heavy Oil,http://info.deepcarbon.net/individual/d12248eec-f17d-43d3-a34a-05cb741ae132,7
Biogenic,http://info.deepcarbon.net/individual/n6425,6
Biogeochemistry,http://info.deepcarbon.net/individual/d595f820e-dc9f-497a-9dff-5927432a0d60,53
Biology,http://info.deepcarbon.net/individual/dd8edee97-27fb-4ead-be8c-63f1e7e655c9,12
Biology and Physics,http://info.deepcarbon.net/individual/5e228330aabbeedec8a4628cdd,1
Biology of extremophiles,http://info.deepcarbon.net/individual/90137a5a64dbd51021b0086c16,1
Biomineralization,http://info.deepcarbon.net/individual/3bebddd4837e2b39d2ca33d03f,1
Biomineralization,http://info.deepcarbon.net/individual/509055f20392ff0d39a878cce1,1
Biophysical Chemistry,http://info.deepcarbon.net/individual/d4cf7acbb-02d8-4695-862a-36cec37f8a2b,4
Bioremediation,http://info.deepcarbon.net/individual/d058a43a3-5bc7-4d26-9c03-4c9b04b32b9a,9
Bonding Analysis,http://info.deepcarbon.net/individual/6fd97c80726defa6477377cac2,1
Borehole Measurements,http://info.deepcarbon.net/individual/dc7c326ff-5560-4cb5-8bfd-da33f9bbd1c1,3
CCUS,http://info.deepcarbon.net/individual/c7b176f57f04ef86fdc27221ae,1
Carbon,http://info.deepcarbon.net/individual/ddb00ebfe-8a52-44d9-8c71-0ee62cf024b3,20
Carbon Cycling,http://info.deepcarbon.net/individual/db80ef613-90f6-4c07-9953-662628767004,27
Carbon Gas Shales,http://info.deepcarbon.net/individual/d5785c3f4-9507-42cd-b03d-45daea9b31d4,5
Carbon Geoscience,http://info.deepcarbon.net/individual/dacb12843-bb87-477b-b9f2-ee43fe00dc4a,20
Carbon Storage,http://info.deepcarbon.net/individual/d638139c7-414a-4f77-aa37-2ecdfa366218,14
Carbon at High Pressures,http://info.deepcarbon.net/individual/ddc5bade6-a6cf-4dc2-9f86-c4b580968900,25
Carbon in Minerals,http://info.deepcarbon.net/individual/d0a07c406-80eb-4076-aa52-c097285e114a,12
Carbon in Silicate Melts,http://info.deepcarbon.net/individual/dd3348bc2-0a82-405e-aab0-fa6bb7181b35,15
Carbonates,http://info.deepcarbon.net/individual/ee3f339aeb349da34e0372a2d8,1
Carbonates at High Pressures,http://info.deepcarbon.net/individual/db9f4b7d3-783c-48a2-8f95-4b36b6dd4255,18
Carbonatite,http://info.deepcarbon.net/individual/de74e459f-5deb-4b87-a437-a9612d4a87ce,10
Cartography,http://id.loc.gov/authorities/subjects/sh85020515,1
Chemical Earth Evolution Models,http://info.deepcarbon.net/individual/dea1c6c5f-d9d8-4541-a6ce-7c69b02ba54d,6
Chemical Physics,http://info.deepcarbon.net/individual/da5dca918-ecc0-4074-ba0d-0ddb61050e81,15
Chemistry,http://info.deepcarbon.net/individual/296f0ab51561592451a639bd8d,1
Chemistry,http://info.deepcarbon.net/individual/4b9588e5dba645b8c2df0855cc,1
Chemistry,http://info.deepcarbon.net/individual/5b71cc1cdc7c909f07c378931a,1
Chemistry,http://info.deepcarbon.net/individual/b7dca5c1e071319066600ecee7,1
Chemistry,http://info.deepcarbon.net/individual/eee659a9d44964e676f42b3c5b,1
Chemistry of hydrocarbons,http://info.deepcarbon.net/individual/14bc0d76b60fa5ddf8f8dcdcd1,1
Chemostratigraphy,http://info.deepcarbon.net/individual/d48953b11-e089-411b-ac86-91355b9d6eb0,3
Chemosynthesis,http://info.deepcarbon.net/individual/d05a10c24-b6c7-440f-8c65-e94cf119e985,8
Chromatography,http://info.deepcarbon.net/individual/a543ad5e-c125-49d1-9b00-9e1f3733eca1,1
Climate Change,http://info.deepcarbon.net/individual/5123055fa1c03cce1f41e77665,1
Co2 in the Subfurface,http://info.deepcarbon.net/individual/03dce75d1fc6d0cdd050bc6510,1
Communications,http://info.deepcarbon.net/individual/df0998edc-9cdd-4d4d-b0b7-cc0b9dacbeb7,2
Complex Evolving Systems,http://info.deepcarbon.net/individual/d85bd734b-f044-4835-800d-eeb423e21da6,3
Composition and Structure of Planetary Interior,http://info.deepcarbon.net/individual/d2cda80f7-79c5-4b1e-a163-5d2be394a1ff,10
Compressible Convection,http://info.deepcarbon.net/individual/d6822d93e-4693-43f4-9764-3d5407524921,2
Computational Chemistry,http://info.deepcarbon.net/individual/02d01403ab846ae661cc7a50b9,1
Computational Condensed Matter Physics,http://info.deepcarbon.net/individual/d6dcbd44f-e457-4361-8b4a-abdaec8a71b8,5
Computational Science,http://info.deepcarbon.net/individual/d01600981-3a22-42d1-992d-1ff7e7f03c0c,4
Computational and Theoretical Physics,http://info.deepcarbon.net/individual/aec8182f63ebd1ec90fba7064b,1
Computational physics and chemistry,http://info.deepcarbon.net/individual/f2b149899efb6289ee7d7dbb5c,1
Computational physics and chemistry,http://info.deepcarbon.net/individual/f399a83b4ff6f79c5918f70631,1
Computer Modeling,http://info.deepcarbon.net/individual/d9969a868-a7fd-429b-b45d-b24a7f32a0cb,15
Computer Science,http://info.deepcarbon.net/individual/96001699bd38a15be6f65e01db,3
Computer Science,http://info.deepcarbon.net/individual/96001699bd38a15be6f65e01db,3
Computer Simulations,http://info.deepcarbon.net/individual/d1cc5f041-f04b-4a34-9c11-2423752feb76,16
Computing,http://info.deepcarbon.net/individual/f6ead6e776d1d75fa4d7735dcd,1
Condensed Matter Physics,http://info.deepcarbon.net/individual/d0ede0bda-c79b-474d-b157-49569b93f028,11
Condensed Matter Theory,http://info.deepcarbon.net/individual/dce3ca900-20fa-4fb2-a33c-96f7c07bd296,3
Core and Mantle,http://info.deepcarbon.net/individual/d0e52ca32-c09a-4fbb-a204-353f1053cac0,12
Coreâ€“mantle differentiation,http://info.deepcarbon.net/individual/166c27d3-25e0-45ab-a65d-d7fc76f4e415,1
Cosmochemistry,http://info.deepcarbon.net/individual/d4522dd63-7fdf-4246-ad69-ea41c6f0baa4,7
Crustal Evolution,http://info.deepcarbon.net/individual/60ad5852-e70c-46ac-9944-8d892291ca7e,1
Crystallography,http://info.deepcarbon.net/individual/0e6993d8cae29852405223cb76,1
DOAS,http://info.deepcarbon.net/individual/520e9806d8c83f113e59828dc1,1
DOAS,http://info.deepcarbon.net/individual/9fb5caa9ff7e07047186ec724c,1
Data Analysis,http://info.deepcarbon.net/individual/daf5c89e9-541e-4d4f-b4f1-64ecc02b81ad,9
Data Analysis,http://info.deepcarbon.net/individual/daf5c89e9-541e-4d4f-b4f1-64ecc02b81ad,9
Data Management,http://info.deepcarbon.net/individual/d8485d382-c398-486b-9be0-7d915bd5c342,3
Data Management,http://info.deepcarbon.net/individual/d8485d382-c398-486b-9be0-7d915bd5c342,3
Data Publication,http://info.deepcarbon.net/individual/n3342,1
Data Science,http://info.deepcarbon.net/individual/d0e77e1fe-1878-4481-a285-8e802095be0b,14
Data Science,http://info.deepcarbon.net/individual/d0e77e1fe-1878-4481-a285-8e802095be0b,14
Data Semantics,http://info.deepcarbon.net/individual/1367754b709e810ff2a66440dd,1
Data Semantics,http://info.deepcarbon.net/individual/f2957691f1808c79d45120d1c4,1
Data Visualization,http://info.deepcarbon.net/individual/deb04ce44-cca6-42f5-9eeb-736a392570f7,5
Data Visualization,http://info.deepcarbon.net/individual/deb04ce44-cca6-42f5-9eeb-736a392570f7,5
Data presentation and visualization,http://abstractsearch.agu.org/keywords/0530,2
Data presentation and visualization,http://abstractsearch.agu.org/keywords/0530,2
Decarbonization,http://info.deepcarbon.net/individual/d535bf538-1735-47ed-9b32-df4c4507329a,2
Deep Biosphere,http://info.deepcarbon.net/individual/d9d3acdc2-abf4-4533-955b-120928024c2f,29
Deep Scientific Drilling,http://info.deepcarbon.net/individual/ad902905081fa0bc578009a143,1
Deep Sea Technology,http://info.deepcarbon.net/individual/d7f876426-4937-4f46-a5a0-f048acfb40ff,5
Deep life,http://info.deepcarbon.net/individual/e39b98b64a9661326a275ee747,1
Deep sea microbiology,http://info.deepcarbon.net/individual/3849323000dcee6b3c5ac5a07e,1
Deep terrestrial biosphere,http://info.deepcarbon.net/individual/c2cd5083c620380421d7912591,1
Deep-Sea Instrumentation,http://info.deepcarbon.net/individual/d5d329f6a-0bd0-4cbf-9cdb-1b4b7d664ce4,8
Deep-Sea Microbiology,http://info.deepcarbon.net/individual/d74d3936e-9231-4d46-b2d4-f9e6ac5dde06,19
Deep-sea microbiology,http://info.deepcarbon.net/individual/153c3cb7fa03d03bf92c3cf99d,1
Diagenesis,http://info.deepcarbon.net/individual/d1d68fcaf-e96b-4ff5-8a38-ad26665f452a,8
Diamond Exploration Methods,http://info.deepcarbon.net/individual/d24a755d7-c716-49c5-9f48-a7bd746dd18a,1
Diamond Growth,http://info.deepcarbon.net/individual/de8e8e23b-178e-49cc-b58c-47c2afe6b718,5
Diamond Mineralogy,http://info.deepcarbon.net/individual/df431c9addcc9a37b2a6ab026c,1
Diamond Mineralogy Geochemistry,http://info.deepcarbon.net/individual/d7e2e4a83-4601-40c8-87e1-d287fd4a86fd,10
Diamonds,http://info.deepcarbon.net/individual/518354730aa4e7be6989747a57,1
Diamonds,http://info.deepcarbon.net/individual/7183a53553716cf4a0d2005d00,1
Diamonds,http://info.deepcarbon.net/individual/a2e8175b06321379b505967fc7,1
Digital Rights Management,http://info.deepcarbon.net/individual/d7242671d-7527-4194-90aa-8e8bb85cec58,1
Disordered Solids Physics,http://info.deepcarbon.net/individual/d6405b850-cdec-40c0-94f8-eab9674ceb1e,1
Drilling,http://info.deepcarbon.net/individual/d0a27ec49-ddd2-4680-95c3-c427322476a1,3
Earth Evolution,http://info.deepcarbon.net/individual/d81395f2a-d96f-45fa-abb9-498c29ce5133,8
Earth Science education,http://info.deepcarbon.net/individual/b64cc0ffb448b2503cbe377147,1
Earth Sciences,http://info.deepcarbon.net/individual/d73d5369b-26d3-4309-bbcc-da54295b30c7,42
Earth Sciences,http://info.deepcarbon.net/individual/d73d5369b-26d3-4309-bbcc-da54295b30c7,42
Earth and Planetary Science,http://info.deepcarbon.net/individual/d09742ef1-166a-42aa-826a-8bcfb219d001,25
Earth and planetary material physics,http://info.deepcarbon.net/individual/c021a499012031858af67aaed2,1
Ecology,http://info.deepcarbon.net/individual/9160e2160f7b0aaa45b998c5c5,1
Energy,http://info.deepcarbon.net/individual/56a9884f-41cd-43c1-8da5-95c84ac6355f,3
Engagement,http://info.deepcarbon.net/individual/ddbcc7ed9-c603-4cb4-992c-04aca2cdee38,3
Environmental Microbiology,http://info.deepcarbon.net/individual/d2f5b84a9-91d6-4d5e-911c-decb0e4d1c29,36
Environmental Policy,http://info.deepcarbon.net/individual/dd56d3c2c-c2a0-4315-92fe-24b8bad7d97e,1
Evolutionary Biology,http://info.deepcarbon.net/individual/db039be6f-6315-4269-8968-d922db2c3402,3
Experimental Deformation,http://info.deepcarbon.net/individual/ac75720bfe2045091ccd26a5f1,1
Experimental Mineral Physics,http://info.deepcarbon.net/individual/de8e8e6ea-6a8d-47a5-9d1b-3d0517315715,7
Experimental Petrology,http://info.deepcarbon.net/individual/d79afd132-60e3-42ff-8d36-9adb4d0db80f,36
Experimental Petrology and Geophysics,http://info.deepcarbon.net/individual/dd43b0530-3725-4152-a344-97ec94453667,5
Experimetal Petrology,http://info.deepcarbon.net/individual/62efe82f591f80ec23e6e9100e,1
Experimetnal Petrology and diamond,http://info.deepcarbon.net/individual/7a97167bdd6a481d0c1163d21f,1
Extreme Environments,http://info.deepcarbon.net/individual/d2cdab347-8539-4cf1-b583-0d8e7a26d6ea,19
Extreme Physics and Chemistry,http://info.deepcarbon.net/individual/f96a757788c79cebc65de956fe,1
Extremophiles,http://info.deepcarbon.net/individual/d17c8b716-b96a-4ce1-947b-5eff463ed129,14
FTIR,http://info.deepcarbon.net/individual/e7e4c80a-e3ca-456b-a417-c8485b26965d,7
Field Geometry,http://info.deepcarbon.net/individual/n18199,1
First-Principles Canculations,http://info.deepcarbon.net/individual/4c3188af16d166f953244becfd,1
Flow dynamics,http://info.deepcarbon.net/individual/3d0f0253238e14d03d9e2cc250,1
Fluid Geochemistry,http://info.deepcarbon.net/individual/47aeab208dd0aa12b487cb09dc,1
Fluid geochemistry,http://info.deepcarbon.net/individual/405628a29a28de015ed3f4824b,1
Fluid inclusions,http://info.deepcarbon.net/individual/d7c868a9cf79b7d8b577e5f715,1
Fluid-Rock Interactions,http://info.deepcarbon.net/individual/d280ba34c-21ec-4c3e-a88b-7ce4d6457838,20
Fluid-rock interaction,http://info.deepcarbon.net/individual/dbf189d39edb34f8b308f7c859,1
Fluorescence,http://info.deepcarbon.net/individual/61180e80-4f15-45af-b1b1-12946e27e57f,2
Fracture-Hosted Waters,http://info.deepcarbon.net/individual/db0b8d152-8ad6-4ec8-bd6a-193c0e754d17,6
GIS,http://info.deepcarbon.net/individual/55079daabc8863e1dc1d9b7491,1
Gas Chemistry,http://info.deepcarbon.net/individual/d175849b7-e9b3-421f-a725-49aa6c9d4f2d,7
Gas Geochemistry,http://info.deepcarbon.net/individual/59dadf042dcb9329514fe9ad8e,1
Gas Geochemistry,http://info.deepcarbon.net/individual/ce5458ad83ed7347db499bf60c,1
Gas Geochemistry,http://info.deepcarbon.net/individual/d778863f41cd1ae6f8b1f12963,1
Gas and Fluid Geochemistry,http://info.deepcarbon.net/individual/32c9021fcee577248a5abc31d0,1
Gas geochemistry,http://info.deepcarbon.net/individual/d76f23fdb-d710-4edf-81f5-5657162e36cd,22
General chemistry,http://info.deepcarbon.net/individual/307294e8cea3ba47fb7f817c69,1
Genomics,http://info.deepcarbon.net/individual/d5f14ddfc-d6c8-47ca-9e5d-f443ed0ecd0a,17
Geo Microbiology,http://info.deepcarbon.net/individual/c5d0b210f6bce144bdaa23bbad,1
Geobiology,http://info.deepcarbon.net/individual/6756dda571fafe517b65d55994,1
Geobiotechnology,http://info.deepcarbon.net/individual/174dab8dd3a123a68df9509c89,1
Geochem,http://info.deepcarbon.net/individual/3d5581e25439c5a17ce52a04db,1
Geochemistry,http://info.deepcarbon.net/individual/d9e30ebc3-c4bd-46ba-8eb9-e53cff863459,148
Geochemistry and Geo-hazards,http://info.deepcarbon.net/individual/79e661c7a1cb8ffd359a56af64,1
Geochemisty,http://info.deepcarbon.net/individual/d3e15291e3af41d23542a86c34,1
Geodata Services,http://info.deepcarbon.net/individual/d5bb2bd42-423b-4193-bfc5-ec4ea8505b66,1
Geodynamics,http://info.deepcarbon.net/individual/d7ffc4d1f-7fa7-463a-80b4-9a2534028196,10
Geoinformatics,http://info.deepcarbon.net/individual/dc94cd2e3-c549-4279-857f-2d84286f365b,6
Geoinformatics,http://info.deepcarbon.net/individual/dc94cd2e3-c549-4279-857f-2d84286f365b,6
Geologic Time Scale,http://info.deepcarbon.net/individual/n6470,1
Geological STorage of CO2,http://info.deepcarbon.net/individual/2783de906105e797cff85e24d4,1
Geology,http://info.deepcarbon.net/individual/db07847bd-3fce-408d-9c4e-7df3e854ac85,29
Geology,http://info.deepcarbon.net/individual/db07847bd-3fce-408d-9c4e-7df3e854ac85,29
Geomicrobiology,http://info.deepcarbon.net/individual/d28a67435-6cc9-474e-ac3a-60933048b7a1,45
Geomicrobiology (Microbial diversity,http://info.deepcarbon.net/individual/4efa448a7265e8510918b49630,1
Geophysical Fluid Mechanics,http://info.deepcarbon.net/individual/d1d6dc966-af8e-42a6-b3c3-69f95529ee30,10
Geophysical Web,http://info.deepcarbon.net/individual/7965532ffc04a4972c2f6e4500,1
Geophysics,http://info.deepcarbon.net/individual/d19b5b056-e4ae-4726-a620-61fd32ebd895,12
Geophysics,http://info.deepcarbon.net/individual/d19b5b056-e4ae-4726-a620-61fd32ebd895,12
Geoscience Vocabularies,http://info.deepcarbon.net/individual/d5375b56a-d8e9-44bd-84e7-7aca066fed34,1
Geoscience Vocabularies,http://info.deepcarbon.net/individual/d5375b56a-d8e9-44bd-84e7-7aca066fed34,1
Geosphere-Biosphere Coevolution,http://info.deepcarbon.net/individual/df153debc-301e-4a8f-bcf9-e7f99c30d5e5,2
Geothermal Systems,http://info.deepcarbon.net/individual/14ae64706f37924530890d54f5,1
Geothermal Systems,http://info.deepcarbon.net/individual/4b4e3f29915b64e0f81f898d89,1
Geothermal Systems,http://info.deepcarbon.net/individual/a71d854adaefe616fa414272ab,1
Geothermal Systems,http://info.deepcarbon.net/individual/ca611511bde7080ec71617f0bc,1
Geothermal energy,http://info.deepcarbon.net/individual/08a28f7e0c80635703550ef043,1
Geothermal energy,http://info.deepcarbon.net/individual/f9f58a85e4e15ba4d52f78c698,1
Global Element Budgets,http://info.deepcarbon.net/individual/dafb5ba20-027a-40ef-8d36-2d12b0c56f01,2
Global Media Relations,http://info.deepcarbon.net/individual/d5df05975-f274-4d7e-b02c-e56ebc52c090,1
Groundwater,http://info.deepcarbon.net/individual/db65cc35d-ebe1-4a4e-a0e9-cd3ca061db82,8
HP-HT experiments,http://info.deepcarbon.net/individual/d94e199533da7183123f876c86,1
HTHP-physics,http://info.deepcarbon.net/individual/fc418e02bd93ee9d4f555fb292,1
Hadal Microbiology,http://info.deepcarbon.net/individual/dfa715be9-6e26-4fb0-aa06-51fbc73db373,4
He and C isotopes,http://info.deepcarbon.net/individual/d7857ebd0-58e1-425f-b8bc-4a0711c83e17,6
High Pressure,http://info.deepcarbon.net/individual/d675586bf-5956-4113-a75f-fd3d75332e79,9
High Pressure Biophysics,http://info.deepcarbon.net/individual/db3f59734-458c-45f2-ade6-f0183db94620,3
High Pressure Crystallography,http://info.deepcarbon.net/individual/d1b00757c-3695-4975-b310-1c0cbd22b8c5,7
High Pressure Neutron Methods,http://info.deepcarbon.net/individual/d3fa5e570-d1fd-4268-b046-169504db701c,1
High Pressure Physics,http://info.deepcarbon.net/individual/d2532b8fb-3687-436d-a6ce-600a90e7d3fe,6
High Pressure Research,http://info.deepcarbon.net/individual/ddc142951-44ea-4046-90ab-ef232cb8e21c,5
High Pressure Science,http://info.deepcarbon.net/individual/d009d9275-b326-4050-a726-38751c24fc82,7
High Pressure Spectroscopy,http://info.deepcarbon.net/individual/d7b2a54d3-bf86-43a3-82c9-89373cba3c16,4
High Pressure Techniques,http://info.deepcarbon.net/individual/d7e6e346c-47ed-489d-8cc7-dc88444c3ae2,4
High Pressure X-Ray Methods,http://info.deepcarbon.net/individual/d0f3b2992-8832-496f-8c14-284c1b44bf60,5
High pressure experiment,http://info.deepcarbon.net/individual/1980abeb93a154c137d6853a63,1
High pressure experimentation,http://info.deepcarbon.net/individual/41cff407c1f88c230af437d2e4,1
High pressure geochemistry,http://info.deepcarbon.net/individual/d6b432262-9cd7-415b-9b95-1f40acf307da,2
High pressure microbiology,http://info.deepcarbon.net/individual/64a9f59aecc1dfd57e1fcebee0,1
High pressure microbiology,http://info.deepcarbon.net/individual/b6050bb73d9a2df544256108bf,1
High-Pressure Experimental,http://info.deepcarbon.net/individual/da0f41991-2b81-4ac5-aac8-213fbe5cd1b5,3
High-Pressure Experiments,http://info.deepcarbon.net/individual/dcaacebf1-2e45-412b-8ecc-2c9931615e0f,11
High-Pressure Microbiology,http://info.deepcarbon.net/individual/db02167dd-b3b6-4be8-983f-197628e71945,9
High-Pressure Science,http://info.deepcarbon.net/individual/d40f109c0-7a6a-4680-959c-84c5af1f78b7,2
High-pressure Geochemistry,http://info.deepcarbon.net/individual/dbc037c4d-8fb1-4970-a6d2-1fdc9f5796a9,4
High-pressure Mineral Physics,http://info.deepcarbon.net/individual/d99cae88b-eddc-4a3f-a343-2c6c2f23a1eb,4
High-pressure Science,http://info.deepcarbon.net/individual/d307af525-bca8-40e3-84e6-4cd4fa263c00,5
High-pressure microbiology,http://info.deepcarbon.net/individual/4414f195d54e1031851f6fa803,1
History of Science,http://info.deepcarbon.net/individual/d60a684c1-f4c2-4857-8a01-f0243b0a0a26,1
Hydrocarbon exploration; geology; origin of natural hydrocarbons,http://info.deepcarbon.net/individual/5acdd63d8afd796e906cb6910d,1
Hydrogen,http://info.deepcarbon.net/individual/d526cd8c1-b8f2-4ff5-b923-32777dc89024,4
Hydrogeology,http://info.deepcarbon.net/individual/edd35d9789bf2844191561ddb9,1
Hydrology,http://info.deepcarbon.net/individual/21cc601da70256420032b0cc3d,1
Hydrology.,http://info.deepcarbon.net/individual/8ae227c0ba1dfc97e7929eacb0,1
Hydrothermal Organic Geochemistry,http://info.deepcarbon.net/individual/d4cece998-d777-4212-aa28-0262727b339f,5
Hydrothermal Systems,http://info.deepcarbon.net/individual/8b3f7b512e31d74b99e12161b3,1
Ice and Clathrates Physics,http://info.deepcarbon.net/individual/d6151c12e-6639-4fb5-8a61-ab285be5f57c,5
Iceland,http://info.deepcarbon.net/individual/24ad024fa5c2a2c53f30f286e7,1
Igneous Geochemistry,http://info.deepcarbon.net/individual/d0c2948fd-7b90-4e3e-8a12-9aab3ce115f3,8
Igneous Petrology,http://info.deepcarbon.net/individual/de9d49535-44e1-4b41-bad6-0ceca4f0fbc2,20
Igneous and Metamorphic Petrology,http://info.deepcarbon.net/individual/d84d5fc33-385a-4234-952a-a295d7792f44,7
Igneous ore forming systems,http://info.deepcarbon.net/individual/a71ac239-a9e2-407a-966e-0d62998f9f6e,1
Igneous rocks,http://info.deepcarbon.net/individual/482bf2638f2f2607d063e4a08b,1
Illustration,http://info.deepcarbon.net/individual/n1292,1
In situ mass spectrometry,http://info.deepcarbon.net/individual/1261775c-ad8c-4cbe-86a1-ca7cd3bec787,1
Inclusions in Minerals,http://info.deepcarbon.net/individual/d3628d1e4-e963-4767-b387-d6acfc256d08,5
Informatics,http://info.deepcarbon.net/individual/dc018b533-626d-43fa-8cb9-4f03fe135822,3
Information Architecture,http://info.deepcarbon.net/individual/d44e69194-0352-4022-a301-f56980b87d74,1
Infrared,http://info.deepcarbon.net/individual/d235723a5-53fe-48c0-8f76-db70e01a111c,1
Instrumentation,http://info.deepcarbon.net/individual/d5850470c-7925-4817-928c-a985f3e2f6f9,6
Instrumentation R & D,http://info.deepcarbon.net/individual/467951f4902cb9ab68dd625a5b,1
Interfacial Behavior,http://info.deepcarbon.net/individual/d055c5287-5c40-42f9-ab12-ba2ad7dc393c,2
Isotope Geochemistry,http://info.deepcarbon.net/individual/d9561f7ff-2e4f-460f-8605-6f554c5e52a3,30
Isotope science,http://info.deepcarbon.net/individual/3807b1c754a249a5d5aca9dac9,1
Isotope science,http://info.deepcarbon.net/individual/898837182df2c9040ab0fb59eb,1
Isotopes,http://info.deepcarbon.net/individual/f8e52437c40cef006309746677,1
Jammin',http://info.deepcarbon.net/individual/d36e546753f0282290c9fe99c2,1
Karst geomorphology,http://info.deepcarbon.net/individual/51592a9e265ccbeefb48e854d9,1
Kimberlite Mineralogy Petrology,http://info.deepcarbon.net/individual/de4412bcd-dbac-4e4b-ad43-1a06ead16abc,3
Kinetics,http://info.deepcarbon.net/individual/d9aed7c5c-c6f7-4dc4-8bba-400b4f622815,3
Knowledge Discovery,http://info.deepcarbon.net/individual/n5281,1
Laser spectroscopy instrumentation,http://info.deepcarbon.net/individual/429803d81f84900033c931c956,1
Life Science,http://info.deepcarbon.net/individual/28565bd11644601c52f15ed5f6,1
Life sciences,http://info.deepcarbon.net/individual/f368804bb632101d788de1b5ac,1
Life/Water/Rock Interaction,http://info.deepcarbon.net/individual/3f61cd351ad5eead8b03f4eeff,1
Linked Data,http://info.deepcarbon.net/individual/dfc42557b-7099-43ff-8bea-450185844652,2
Linked Data,http://info.deepcarbon.net/individual/dfc42557b-7099-43ff-8bea-450185844652,2
Lunar Geochemistry,http://info.deepcarbon.net/individual/d0154fa91-a0b7-40bf-b69e-f5ca041faca9,1
Mantle Carbon,http://info.deepcarbon.net/individual/d0e00d447-b7c3-4d9f-b21e-bd6f192a97d2,5
Mantle Convection,http://info.deepcarbon.net/individual/dbe379f8e-a8e1-4484-a35b-92405071ae62,3
Mantle Geochemistry,http://info.deepcarbon.net/individual/d05cbef88-c42f-49cd-a398-44cdf733a927,11
Mantle Magmas and Volatiles,http://info.deepcarbon.net/individual/d0042db9f-32fd-4547-8cc2-1519a5506151,17
Mantle Melting,http://info.deepcarbon.net/individual/d9e56fe72-b145-4fab-9082-0508577bda18,4
Mantle Metasomatism,http://info.deepcarbon.net/individual/d7ee7a6a5-e97f-4286-bdc9-9ce801c0d13b,6
Mantle Mineralogy,http://info.deepcarbon.net/individual/d03a9687d-5fbe-42bb-bdd2-f62f0a674c33,3
Mantle Petrology and Geochemistry,http://info.deepcarbon.net/individual/dafe8e831-f707-4269-b865-32ff1b16b288,10
Mantle Rocks Petrology,http://info.deepcarbon.net/individual/dd97d6735-8982-494c-8d8f-aa3d5a23eac8,3
Mantle petrology,http://info.deepcarbon.net/individual/29c2d9e8a47d01d3e8a652aa03,1
Mantle petrology and geochemistry,http://info.deepcarbon.net/individual/4980f1e195dcaec04af2a0552d,1
Mantle petrology/geochemistry,http://info.deepcarbon.net/individual/32a9bce2b902f1c7e80853de62,1
Mantle petrology/geochemistry,http://info.deepcarbon.net/individual/542cc8a372f717be32d6e1efbb,1
Marine Geology,http://info.deepcarbon.net/individual/d929d67a7-b6a3-4a49-823e-209ef8cacf3e,12
Marine Geology,http://info.deepcarbon.net/individual/d929d67a7-b6a3-4a49-823e-209ef8cacf3e,12
Marine Geophysics,http://info.deepcarbon.net/individual/faa75bec731a763ef913c1e485,1
Marine Microbiology,http://info.deepcarbon.net/individual/d8cd25bc5-7c75-4899-b467-01efdc2b2352,17
Marine Sediment Chemistry,http://info.deepcarbon.net/individual/d7e054c83-8fc7-4430-b463-39cf41dc54b9,7
Mars analogues,http://info.deepcarbon.net/individual/70e30457f4f71812b01d92596d,1
Mars exploration,http://info.deepcarbon.net/individual/4effb3bfa95a85c302012f83bd,1
Mass Spectrometry,http://info.deepcarbon.net/individual/a711594c-9796-4005-8d69-651f5668aac3,2
Material Science,http://info.deepcarbon.net/individual/d27b8063c-6f32-45d8-9567-da3a42d9e17d,7
Materials Chemistry,http://info.deepcarbon.net/individual/d87c1f991-dd0a-456e-9350-2fa51e70d5b9,3
Materials Science,http://info.deepcarbon.net/individual/f71378d2936103d1f6206bfda4,1
Materials in Extreme Environments,http://info.deepcarbon.net/individual/d8f9ed316-501d-46dd-8ba1-cd0fb2345144,4
Materials science,http://info.deepcarbon.net/individual/d2de8dee1-1a43-4f58-a71f-c345d9a55403,3
Melt Inclusions,http://info.deepcarbon.net/individual/18a587951fef5635cc86c4565f,1
Melts and Magmas,http://info.deepcarbon.net/individual/d94cef7a3-7c38-4dca-881d-a50963a2570c,10
Membrane Biophysics,http://info.deepcarbon.net/individual/df715a299-b3f3-41a0-a4a5-f3d0422461fc,1
Metabolomics,http://info.deepcarbon.net/individual/45c9c27b-9413-4b9a-b4b3-54fc828b459c,1
Metadata,http://info.deepcarbon.net/individual/69a696f14c6ded9f6499921b7a,1
Metagenomics,http://info.deepcarbon.net/individual/199af116-d213-4a9d-93c2-481deba7e3df,5
Metamorphic Petrology,http://info.deepcarbon.net/individual/d1a17a603-bf5f-4174-9194-aece28eb5cb0,12
Metamorphic Petrology,http://info.deepcarbon.net/individual/d1a17a603-bf5f-4174-9194-aece28eb5cb0,12
Metamorphic geology,http://info.deepcarbon.net/individual/4db5aefd3746d75fed8286e992,1
Meteorites,http://info.deepcarbon.net/individual/d9dc156ea-1dd6-4d72-bb1c-7ee9c414d014,3
Meteorology,http://info.deepcarbon.net/individual/db3d335b4-b79d-4816-bebc-960815ab7443,2
Methane,http://info.deepcarbon.net/individual/da96d3c41-4c00-4532-8537-6c2722629d60,9
Methane Oxidation,http://info.deepcarbon.net/individual/d6f56cd4f-8de0-448c-ac30-fa969001755f,7
Methanogenesis,http://info.deepcarbon.net/individual/d9ec4affb-9fad-46c9-abd9-637592d38357,5
Methanogenic Crude Oil Degradation,http://info.deepcarbon.net/individual/db309cccd-c604-4019-bf71-126ea2e0f36c,3
Microanalytical Paleontology,http://info.deepcarbon.net/individual/de88f6b56-b6b8-4199-82ca-e5d4065af70c,2
Microbial Diversity,http://info.deepcarbon.net/individual/ddbacec6d-c068-4305-bae5-42cdd015709a,13
Microbial Ecology,http://info.deepcarbon.net/individual/d187156bc-4419-478a-be60-4ecd3d0551dc,40
Microbial Ecology,http://info.deepcarbon.net/individual/d187156bc-4419-478a-be60-4ecd3d0551dc,40
Microbial Electrochemistry,http://info.deepcarbon.net/individual/3013a724e8e5ce7714c88abcaa,1
Microbial Evolution,http://info.deepcarbon.net/individual/d159c45ad-2e92-4ae2-ad11-f8d545b9d027,8
Microbial Physiology,http://info.deepcarbon.net/individual/d105fc0c9-e61b-4998-a712-ee25f6c9b362,10
Microbial physiology and biochemistry,http://info.deepcarbon.net/individual/1b2088e5-0eb9-48c5-a37c-3ecfde2fe0d4,7
Microbiology,http://info.deepcarbon.net/individual/d20e0581c-5e50-4fb5-8445-388d8c64fd4f,32
Microbiology of Petroleum Reservoirs,http://info.deepcarbon.net/individual/d68bab425-c9a6-44cd-aefd-d35d35e30777,4
Microbiology; Environmental; Computacional,http://info.deepcarbon.net/individual/e99143f436b187dc76face660d,1
Microscopy,http://info.deepcarbon.net/individual/9ea50373a7ad71aebd0279773c,1
Microtomography,http://info.deepcarbon.net/individual/d9126217c69fc29612417cad9e,1
Mid-crustal Deformation Mechanisms,http://info.deepcarbon.net/individual/e754a378-4c0a-40c5-8999-630529b13fd7,1
Mineral Deposits,http://info.deepcarbon.net/individual/d34e19b25-7c23-4077-b2a5-fbd80f94cc68,3
Mineral Physics,http://info.deepcarbon.net/individual/d2371c5f5-8faf-47a5-b078-1c0a54ad3267,19
Mineral Surface Geochemistry,http://info.deepcarbon.net/individual/da5759814-9001-4984-bf23-daa739a44d39,3
Mineralogy,http://info.deepcarbon.net/individual/d6cbeeded-7a96-489b-901c-cd0eda33a1f8,21
Mineralogy / Crystallography,http://info.deepcarbon.net/individual/6448e00c46393d9254b1cc938f,1
Mineralogy and Geochemistry,http://info.deepcarbon.net/individual/d9073e1b7-1d19-4057-8921-6467931b6cc4,8
Mineralogy and Petrography,http://info.deepcarbon.net/individual/f5206a5555d806000d2813f2ad,1
Minerals Dissolution,http://info.deepcarbon.net/individual/d0c372d8d-3541-4686-b683-51a33400ee93,3
Molecular Biology,http://info.deepcarbon.net/individual/df358df56-acc9-435a-8082-b45095219576,11
Molecular Dynamics Methods,http://info.deepcarbon.net/individual/df866df22-7bb4-434b-a5a6-18ca39a9428c,9
Molecular Modeling,http://info.deepcarbon.net/individual/b88347b0c7dca1e709e5c087d6,1
Molecular Systems,http://info.deepcarbon.net/individual/d94f7ec38-2a7e-4335-acc4-0cfd3691780e,4
Molecular and Cell Bology,http://info.deepcarbon.net/individual/d548d8072-cdc5-43ee-9360-76b6c7edfb08,4
Molecular biology (nucleic acid sequencing); informatics,http://info.deepcarbon.net/individual/84f3b4520863bde642214f7122,1
Molecular microbial ecology,http://info.deepcarbon.net/individual/0c6fdcc64b88c3cf6c8f1d4d8d,1
Molecular microbial ecology,http://info.deepcarbon.net/individual/3dd8618fc041569ed3871048f0,1
Nanogeoscience,http://info.deepcarbon.net/individual/0d58225fa4596f5760b6515f72,1
Natural Gas Energy,http://info.deepcarbon.net/individual/df92103ec-2635-4a54-a210-5a0e7f816f2f,1
Natural Resources,http://info.deepcarbon.net/individual/d0b73f423-b376-4c3c-a474-e8e700d82976,2
Network Science,http://info.deepcarbon.net/individual/dec61d477-8492-48dd-9f1b-8f57594c4ec4,1
Neutron Scattering,http://info.deepcarbon.net/individual/d6d3d509b-db45-4bec-ae3f-454a728947d6,3
Next Generation DNA Sequencing,http://info.deepcarbon.net/individual/d6b8c0478-004a-410f-b176-7da276679858,5
Nitrogen,http://info.deepcarbon.net/individual/282de839-bc41-4a20-8135-6193d3e627e6,3
Nitrogen Isotopes,http://info.deepcarbon.net/individual/3bf93ebcb9d982ac8d31d373e1,1
Noble Gas Cosmo-Geochemistry,http://info.deepcarbon.net/individual/d1de9ce78-0004-4c2b-95a4-d4b9455a02bf,2
Noble Gases,http://info.deepcarbon.net/individual/ddb734801-56ce-4b56-9c2b-9975e6b28be5,12
Noble Gases,http://info.deepcarbon.net/individual/ddb734801-56ce-4b56-9c2b-9975e6b28be5,12
Noble gas geo- and cosmochemistry,http://info.deepcarbon.net/individual/188fc85402a3f0c185c6490f69,1
Noble gas geochemistry,http://info.deepcarbon.net/individual/78a9abf6131f1251ae1b9d5778,1
Noble gas geochemistry,http://info.deepcarbon.net/individual/cc26a6904784323cf8525e2da6,1
Noble gas geochemistry/isotope geochemistry,http://info.deepcarbon.net/individual/3b4406b1547c3c4248572d2d4e,1
Nucleation,http://info.deepcarbon.net/individual/b1540416a4c0c66dddf3a4cfdc,1
Numerical modeling,http://info.deepcarbon.net/individual/6085363fe15e3c636683f0a663,1
Oceanography,http://info.deepcarbon.net/individual/d76a5d7e3-290f-4920-a16e-fcf7238bb57d,17
Ocenography,http://info.deepcarbon.net/individual/8fd7b6996aebd0636dd6fa98a5,1
Oilfield Services,http://info.deepcarbon.net/individual/df12340ae-3c29-467d-a52f-20a38412a7b8,1
Operational Planning,http://info.deepcarbon.net/individual/db92d5f77-347d-47e3-a8dd-649ed86bf301,1
Organic and Isotope Geochemistry,http://info.deepcarbon.net/individual/5dd998b2a3b838e5493ffe00f1,1
Organic geochemistry,http://info.deepcarbon.net/individual/d4bee1ff-d9ef-4700-bf49-46f3b318565b,4
Origin and Migration of Hydrocarbons,http://info.deepcarbon.net/individual/e5ea45099a7bcfc9ec0470d885,1
Origin of Life,http://info.deepcarbon.net/individual/dbb524dfd-2097-4d88-892b-90b7960c8c37,11
Origin of the Earth,http://info.deepcarbon.net/individual/deea288aa-c774-4c60-97c7-cf625db3ba5f,2
Outreach,http://info.deepcarbon.net/individual/d637c91a0-00f8-4ee1-a48b-dedefc0f4959,2
Paleoenvironmental Reconstruction,http://info.deepcarbon.net/individual/d14ad050d-349d-4517-a93c-deaf7cd900cb,6
Paleontology,http://info.deepcarbon.net/individual/n11143,2
Participatory Modeling,http://info.deepcarbon.net/individual/n28488,1
Petroleum Engineering,http://info.deepcarbon.net/individual/098c05c5-7749-4c7c-9944-81a1481970c1,1
Petroleum Geology,http://info.deepcarbon.net/individual/c258fb494342aea36944c5b589,1
Petrology,http://info.deepcarbon.net/individual/d2c8b0f92-f07d-4091-b3d1-356585b5b282,31
Petrology and stable isotope geochemistry,http://info.deepcarbon.net/individual/69181debc6bd8789043f68e485,1
Phase Transformations,http://info.deepcarbon.net/individual/dc5639b3a-448b-4227-90e2-36a770739fe0,6
Photochemistry,http://info.deepcarbon.net/individual/d9b227e9c-7930-4627-9b44-78db916d2ba1,4
Physical Chemistry,http://info.deepcarbon.net/individual/dfa2176c8-aee6-4cfd-8691-9dd2c0052c8b,9
Physical Chemistry,http://info.deepcarbon.net/individual/dfa2176c8-aee6-4cfd-8691-9dd2c0052c8b,9
Physics,http://info.deepcarbon.net/individual/3042fef59395c11b5f3feb4dba,1
Phytoplankton Taxonomy,http://info.deepcarbon.net/individual/d02657db7-fcf0-4cf5-9ebd-49ccd96a2272,2
Planetary Accretion,http://info.deepcarbon.net/individual/b04f4d9a-9924-4d20-b38e-c3211bd139d3,1
Planetary Interior,http://info.deepcarbon.net/individual/d1ac3bfb2-e6ed-4863-b263-62cec3fe39c6,4
Planetary Science,http://info.deepcarbon.net/individual/007b3b832fb892382ba91a413b,1
Planetary Science,http://info.deepcarbon.net/individual/f8c4b8dfb5d0a4bef68402c19c,1
Planetary science,http://info.deepcarbon.net/individual/356fde418340168f97d1f49732,1
Policy-based Systems,http://info.deepcarbon.net/individual/d21a7b12f-bc98-47c1-b15c-5ca048884813,1
Program Management,http://info.deepcarbon.net/individual/de22a0827-1678-41cf-9192-008b39d11321,2
Proteomics,http://info.deepcarbon.net/individual/21777f2f-d3ed-48e8-b828-d2e023c8967e,2
Public Understanding of Science,http://info.deepcarbon.net/individual/d2bf25c6d-57d6-4e12-896f-3feee629a5c0,1
Quantum simulations,http://info.deepcarbon.net/individual/601195b021d2841c924b0f2706,1
REEs,http://info.deepcarbon.net/individual/948cb331cc130be764564d4a63,1
ROVs,http://info.deepcarbon.net/individual/120b1ac1ec0692d9e15b6a76af,1
Radiative Transfer,http://info.deepcarbon.net/individual/db8dd2c9a-181c-4252-8786-3b908ae381e0,2
Raman Spectroscopy,http://info.deepcarbon.net/individual/9f79b7554a6014e6917ce852b5,1
Raman and Optical Spectroscopy,http://info.deepcarbon.net/individual/d5e97576a-f195-4242-947a-393041a8b22f,9
Rare Earth Minerals,http://info.deepcarbon.net/individual/d231943e4-528f-4432-ab78-50a03bbcc5ce,4
Remote Sensing,http://info.deepcarbon.net/individual/d160f3627-c3d4-4b26-a382-0bc59165b0bc,10
Rifting,http://info.deepcarbon.net/individual/d0d48240f-b489-4cdb-99f1-ab38b2aca865,4
Robotics,http://info.deepcarbon.net/individual/29da4913f1d5d57628b56f262d,1
Rock Mechanics,http://info.deepcarbon.net/individual/8893bc027f390f487795013ab1,1
SIMS Microanalysis,http://info.deepcarbon.net/individual/d2a7edf07-4370-431b-81a7-1c8101d2a936,4
Sampling Equipment,http://info.deepcarbon.net/individual/c69900049d0c8b3bfe95ad2833,1
Science,http://info.deepcarbon.net/individual/428b936c1f863d0e6b4c2d1cc2,1
Science Communication,http://info.deepcarbon.net/individual/d784e3b3f-f53d-48c7-a35e-fef9020596d6,3
Science Communications,http://info.deepcarbon.net/individual/d754c7bbc-73c5-4bbd-bd5a-aebbc815baeb,7
Science Education Research,http://info.deepcarbon.net/individual/313dabfba7f56be7fd6b5ac8f8,1
Science Program Coordination,http://info.deepcarbon.net/individual/a2f1e55454e766591c5d07ead2,1
Science Writing,http://info.deepcarbon.net/individual/d57ac6c09-2946-4a1b-84df-843e3c6b2734,2
Science Writing and Editing,http://info.deepcarbon.net/individual/d3ef4bd6b-6cc8-4b4a-95ae-ba03a5765385,1
Science and Public Policy,http://info.deepcarbon.net/individual/d16e3361a-afd5-4252-ab87-9f58431edcf5,2
Scientific Data Management,http://info.deepcarbon.net/individual/d46c1ccc7-c48a-4c7d-99a1-f5c491d21b0d,1
Scientific Ocean Drilling,http://info.deepcarbon.net/individual/dc010c6e1-b193-4097-9df7-0682d03155e8,5
Scientific illustration,http://id.loc.gov/authorities/subjects/sh85118689,1
Sclerochronology; Geochemistry; Ecology.,http://info.deepcarbon.net/individual/58c08d4a9bd4bdef6c8a695f12,1
Sediment microbiology,http://info.deepcarbon.net/individual/f2814f277690ac47fa5d0ec224,1
Sedimentology,http://info.deepcarbon.net/individual/d64666d9a-d743-488b-8c7a-f87f440d9e72,8
Semantic Data Science,http://info.deepcarbon.net/individual/dfdb66ff3-9de6-43c1-9e71-d5a8e8844847,2
Semantic Science,http://info.deepcarbon.net/individual/d6df8adae3d27b4f623422e4ef,1
Semantic Web,http://info.deepcarbon.net/individual/dfbe04a79-be09-4ecd-9e5a-bfc02c4bac78,10
Semantic Web,http://info.deepcarbon.net/individual/dfbe04a79-be09-4ecd-9e5a-bfc02c4bac78,10
Semantic Web Science,http://info.deepcarbon.net/individual/f4b1b294ad41dc2ab17503846f,1
Serpentinization,http://info.deepcarbon.net/individual/d895d7dea-ae94-4add-a07f-98724ba8cb7e,10
Serpentinization and Serpentine Minerals,http://info.deepcarbon.net/individual/dbf633bc6-40f2-4750-ba72-1081c942a03f,5
Serpentnites and Ultramafic Rocks,http://info.deepcarbon.net/individual/5270b2dc32adc7d67536782829,1
Shock Metamorphism,http://info.deepcarbon.net/individual/d693c1098-00d9-4d05-86c3-d16fd0399ba1,3
Shock Physics,http://info.deepcarbon.net/individual/d6237308c-51d1-4981-b2e0-96c16f97b632,5
Social Media Strategy,http://info.deepcarbon.net/individual/d3709064f-3ba2-49c3-89c1-45ee1e9246cf,2
Software Development,http://info.deepcarbon.net/individual/d4f549728-48f5-45c2-85ac-7319fe53ffc8,2
Soil Microbiology,http://info.deepcarbon.net/individual/d2ccb3a78-38b0-4763-96fc-7f3294f370c3,5
Solar Physics,http://info.deepcarbon.net/individual/d7481fba5-a338-47a0-a28a-8dd56e29375a,1
Solid State Physics,http://info.deepcarbon.net/individual/d86d2545744fa6efd9f5483231,1
Solid-State Chemistry,http://info.deepcarbon.net/individual/d56c88f63-d4ca-4c31-a9d5-f2c857379b3a,3
Solution Chemistry,http://info.deepcarbon.net/individual/d48015557-5b12-4e89-9b8e-35851dcb54b7,4
Spatio-temporal Analysis,http://info.deepcarbon.net/individual/n11724,1
Spectroscopic Techniques,http://info.deepcarbon.net/individual/db4dc0c88-48b5-46d5-b0d7-825e7cea08f7,7
Spectroscopy,http://info.deepcarbon.net/individual/d7243c0f0-a662-4206-979f-f1ef1a871aef,15
Stable Isotope Geochemistry,http://info.deepcarbon.net/individual/d7418a2a9-65d4-4f18-b44e-a33ecf8e867b,15
Stable Isotope Geochemistry,http://info.deepcarbon.net/individual/d7418a2a9-65d4-4f18-b44e-a33ecf8e867b,15
Stable Isotopes,http://info.deepcarbon.net/individual/dad038a6e-ac81-4b88-88fe-482aa988c6bf,10
Structural geology,http://info.deepcarbon.net/individual/8754d5307988c0779067ff6fa7,1
Subduction,http://info.deepcarbon.net/individual/d6c55d4a1-cdbb-405b-b99f-ec7f8afff5cb,8
Subduction zone processes,http://abstractsearch.agu.org/keywords/1031,3
Subduction zone processes,http://abstractsearch.agu.org/keywords/1031,3
Subseafloor microbiology,http://info.deepcarbon.net/individual/0e699bb004eb5341c43a7e7310,1
Subsurface Biosphere,http://info.deepcarbon.net/individual/d3071b413-d477-497e-9219-d6191c462caf,5
Subsurface Microbiology,http://info.deepcarbon.net/individual/db004f87c-301f-4aae-abbc-d8619ff61b82,14
Subsurface Sampling,http://info.deepcarbon.net/individual/de46bb779-4f2c-4f3b-a1c4-bd5ceb0be523,2
Superconductivity,http://info.deepcarbon.net/individual/ffe036b28b39f4223b823bfb80,1
Surface Geochemical Prospecting,http://info.deepcarbon.net/individual/e13818081876dcea9c07354573,1
Synchrotron,http://info.deepcarbon.net/individual/de328e1c1-c8e2-4984-a62e-df1f7bbc098c,5
Synchrotron Radiation,http://info.deepcarbon.net/individual/dbf27c881-1c3f-4a0c-8ea6-d5187d6ce9b3,10
Synchrotron X-ray Reflectivity,http://info.deepcarbon.net/individual/d104cb273-e4a3-4bfd-98f4-a1de3ea7b712,1
Synchrotron X-ray Techniques,http://info.deepcarbon.net/individual/a0a14fef62d7bb05519260b000,1
THERMODYNAMICS,http://info.deepcarbon.net/individual/1d60dd2d068fa2e2d86ebf71be,1
Teaching Igneous Petrology,http://info.deepcarbon.net/individual/df3178bce-22bf-4230-aa6c-d0fbf186ec83,1
Technology Development and Deployment,http://info.deepcarbon.net/individual/d01b1eade-038d-4a35-8bf3-898effc25da7,1
Tectonics,http://info.deepcarbon.net/individual/85027e2a-b0e8-443d-be6a-9e9952cd1e15,2
Terrestrial Volatiles,http://info.deepcarbon.net/individual/d7d8fafee-55fb-48fc-a3bc-93b7717f1b85,3
Terrestrial Volatiles,http://info.deepcarbon.net/individual/d7d8fafee-55fb-48fc-a3bc-93b7717f1b85,3
Theoretical Techniques,http://info.deepcarbon.net/individual/dbba8ca40-1d6d-4521-916f-a1bde8c60d3c,1
Thermodynamics,http://info.deepcarbon.net/individual/def1a64db-14bd-4663-b6ab-78bce1e316cc,19
Trace Element Analysis,http://info.deepcarbon.net/individual/d7b2755d2-9bea-4f68-af2a-88df1e26cac9,5
Transcriptomics,http://info.deepcarbon.net/individual/15a96ac9-502e-4f4d-b1b0-1ee55802a3da,3
Trench Microbiology,http://info.deepcarbon.net/individual/d01ba5cf7-cb53-47c7-b4b1-8d5547c32edb,3
Ultrahigh Pressure Metamorphism,http://info.deepcarbon.net/individual/d5b060277-6fdd-483a-a65e-c98834ffd623,3
Unconventional Hydrocarbon Resource R & D,http://info.deepcarbon.net/individual/18cb4b6a5b80b21a59759e18df,1
Unconventional Hydrocarbon Resources,http://info.deepcarbon.net/individual/daee65176d8200e7f9120793ff,1
Undergraduate in Geology,http://info.deepcarbon.net/individual/3f34a29509cabd622b306ceb16,1
Video,http://info.deepcarbon.net/individual/n30909,1
Visual Media and Design,http://info.deepcarbon.net/individual/d4a637b20-ba57-4707-8325-27ab2a05ea6e,3
Visual Media and Design,http://info.deepcarbon.net/individual/d4a637b20-ba57-4707-8325-27ab2a05ea6e,3
Volatile Cycling,http://info.deepcarbon.net/individual/dd81f6c9a-c9fb-4087-b858-b04c48ce8fe9,9
Volatile Element Geochemistry,http://info.deepcarbon.net/individual/dc2007bbb-0bbc-4e35-a4c8-c0abcd82a346,5
Volatile Fluxes,http://info.deepcarbon.net/individual/d121e6309-3094-4fd7-8bbe-185fc4f064ee,13
Volatiles,http://info.deepcarbon.net/individual/d911085de-bcfe-43bc-8be2-45bbfef4ee18,8
Volatiles Cycling,http://info.deepcarbon.net/individual/24389a0bba3b031942c7ff6fd5,1
Volatiles in magmas,http://info.deepcarbon.net/individual/370259ab19e2038cf9b0c13ff9,1
Volcanic Carbon Degassing,http://info.deepcarbon.net/individual/d1e35ce53-2c83-4790-bf9c-8debec451c6f,18
Volcanic Gas Geochemistry,http://info.deepcarbon.net/individual/4c37623edfb601d666d49344c8,1
Volcanic Gases,http://info.deepcarbon.net/individual/2abd26b54dcc30b5e3110ee576,1
Volcanic Gases,http://info.deepcarbon.net/individual/afef7c2061c5231f4d18a9c7e1,1
Volcanic Gases,http://info.deepcarbon.net/individual/ea0dbf8874d961ac6b4f01d4bc,1
Volcanic Hazards,http://info.deepcarbon.net/individual/d9f36e6d2-e01d-41b8-b502-7e5b3d8a503b,7
Volcanic gas,http://info.deepcarbon.net/individual/007862ff5e3b97b584d62d395b,1
Volcano Processes,http://info.deepcarbon.net/individual/db8546849-7e7d-4a0e-9f60-fb33f0935339,6
Volcanology,http://info.deepcarbon.net/individual/dbcc4f93d-f477-4419-9c89-57b03fe903a2,63
Volcanology and Geochemistry,http://info.deepcarbon.net/individual/161d2e30ac88867fb117f644ff,1
Volcanology and Geochemistry,http://info.deepcarbon.net/individual/7b7969276559d279f6a2afac23,1
Water,http://info.deepcarbon.net/individual/d68bcd28-a47a-4134-835a-b8da40d5c953,3
Water Chemistry,http://info.deepcarbon.net/individual/d0fd257e0-9494-4c6d-8fe5-c39ef7f93c05,6
Water and gas geochemistry,http://info.deepcarbon.net/individual/eaab125ee6e45e83ee68da9fbe,1
Water-Earth Interaction Science,http://info.deepcarbon.net/individual/2b5c804c-fff1-45f9-a111-70cd7e2932a7,2
Water-Rock Interaction,http://info.deepcarbon.net/individual/d2d32c8c1-1b67-4d4a-b41c-83f6f3ac4395,17
Water-rock interactions,http://info.deepcarbon.net/individual/551502e56d757712cbdbd709a9,1
Web Science,http://info.deepcarbon.net/individual/dd62fb0fb-923a-42f0-a06d-db9aa3558737,2
Web Science,http://info.deepcarbon.net/individual/dd62fb0fb-923a-42f0-a06d-db9aa3558737,2
Web design,http://info.deepcarbon.net/individual/0fe849420e138514890bcd1dda,1
Website Administration,http://info.deepcarbon.net/individual/41f647731f2fa1c3f5adf7dce5,1
X-ray Spectroscopy,http://info.deepcarbon.net/individual/31a38f8b64c4c96c1fb643e2ba,1
XANES,http://info.deepcarbon.net/individual/8d8607f5fe6946ff7fd0a10d3e,1
analytical chemistry,http://info.deepcarbon.net/individual/acc958951e1c45e484981be456,1
autotrophy,http://info.deepcarbon.net/individual/f85c4d1c077400cbac5e72c379,1
bioenergetics,http://info.deepcarbon.net/individual/8c7c01ea278a0ef8d94ef09119,1
bioinformatics,http://info.deepcarbon.net/individual/9f8567c6100443fbf3b027797c,1
biopetrology,http://info.deepcarbon.net/individual/c74ff83a292fb9aaf15c17bf84,1
biophysics,http://info.deepcarbon.net/individual/32528309435dc24d57dc8318c0,1
biosphere,http://info.deepcarbon.net/individual/99f04f9aab7cc6b34a14d2d590,1
carbonate geochemsitry,http://info.deepcarbon.net/individual/981582169402aff3ce68c21dd3,1
carbonatite genesis,http://info.deepcarbon.net/individual/ee9190b81594aa82fb8d0514c0,1
carbonatites,http://info.deepcarbon.net/individual/1c09948320860c51ef9761ea78,1
cell biology,http://info.deepcarbon.net/individual/ef6ed5b71409b179754e47f4e4,1
chemical ecology,http://info.deepcarbon.net/individual/ce8fb487746adae77e9ddb8e6f,1
crystal/mineral structure studies,http://info.deepcarbon.net/individual/555a41694297f6e75cc07db664,1
crystallography,http://info.deepcarbon.net/individual/a9e4ff692c6f04e182a09f5499,1
data delivery,http://info.deepcarbon.net/individual/e304d36b4435228e63d8ebe642,1
deep life,http://info.deepcarbon.net/individual/3fe351df39982eac989f5d2e94,1
deep life,http://info.deepcarbon.net/individual/8018e705da4eb929d6ee3ec334,1
design,http://info.deepcarbon.net/individual/1aeaeb08b44a53fdfbb9bfd91b,1
diamond mineralogy,http://info.deepcarbon.net/individual/d74b4ca4d-55f5-4c21-bcfb-c92597d7fa03,6
dynamic compression,http://info.deepcarbon.net/individual/59132b7eb6f113e03bf9a8cbf0,1
ecology,http://info.deepcarbon.net/individual/d988a50b85437940f77fd30ec3,1
energy systems,http://info.deepcarbon.net/individual/56512a7e9abbe6a01de8515d46,1
environmental virology,http://info.deepcarbon.net/individual/d595cc1e6-5088-4cbe-8f18-cf9f415fdfb7,1
experiemntal and numerical Water-rock interactions,http://info.deepcarbon.net/individual/fdc5680f3809b84f96b8ac65ef,1
extremophiles cultivation,http://info.deepcarbon.net/individual/a8a7c98323f0244090b6a35f30,1
fluid inclusions,http://info.deepcarbon.net/individual/dd1c6ae60cf9442057c652165e,1
fluid-rock interactions,http://info.deepcarbon.net/individual/da543bd77-e404-424b-a870-a9374f29c0e2,10
gas emissions,http://info.deepcarbon.net/individual/be75f18ecdddb00b0dc406017c,1
genetics,http://info.deepcarbon.net/individual/d2fa4c628-2a46-413f-91d9-fcdbd3bf98f2,2
genomics and biogeochemistry),http://info.deepcarbon.net/individual/3d897323e0a1a66d56881ba679,1
geobiochemsitry,http://info.deepcarbon.net/individual/4062461873fcdaa056430e06a1,1
geochemsitry,http://info.deepcarbon.net/individual/d323687918591b02e91b52e1bb,1
geodynamics and seismotectonics,http://info.deepcarbon.net/individual/26ee66ee1176faace871a4d437,1
geomicrobiology,http://info.deepcarbon.net/individual/ded9e8af7-0e29-4937-a8fd-2aacee45470b,12
geoscience,http://info.deepcarbon.net/individual/67a45f5ca9be4cdd5e90f873b6,1
geothermal,http://info.deepcarbon.net/individual/57dc0eddcd7bb064996536a7ae,1
graphic design,http://info.deepcarbon.net/individual/dbabd2e7c-3a32-4c32-812f-980a3708a2b7,1
graphite mineralogy,http://info.deepcarbon.net/individual/f740714fe4228f10e7a9b7a875,1
high throughput sequence data analysis,http://info.deepcarbon.net/individual/f6a75df60cbee7090839b16d85,1
hydrothermal microbiology,http://info.deepcarbon.net/individual/46cd34d9970e2f1513ef215046,1
hydrothermal vents microbiology,http://info.deepcarbon.net/individual/0154a5be5ed37ea6a69bd7acd9,1
layered igneous intrusions,http://info.deepcarbon.net/individual/81bd4706-ab7b-42b1-9da6-11da9d55b639,1
magma properties,http://info.deepcarbon.net/individual/b6114e56d3b078d32c9333efca,1
magmatic systems,http://info.deepcarbon.net/individual/6085bfac70da5646e24c7b1d2e,1
mantle petrology,http://info.deepcarbon.net/individual/d93c82c0a-e855-480c-a716-078bdc3f2227,4
mantle petrology and geochemistry,http://info.deepcarbon.net/individual/3e5d489d36fcfd4e9e6597c3ee,1
marine science,http://info.deepcarbon.net/individual/156b5212699f2031c15da601c0,1
materials physics,http://info.deepcarbon.net/individual/c364ad9ab076b85f01742bfcd4,1
meteoritics,http://info.deepcarbon.net/individual/69099f8f0ce050279ac8b8ed25,1
microbial ecology,http://info.deepcarbon.net/individual/dadd6b642-6d82-4e30-83ee-0e838607e0d4,12
microbial energetics,http://info.deepcarbon.net/individual/26d6bbea89a162e814b52a643d,1
minerology,http://info.deepcarbon.net/individual/031bb3ab3713ebd7ba449dfb01,1
modeling,http://info.deepcarbon.net/individual/70648db744c542a9a18f7996f9,1
molecular simulation,http://info.deepcarbon.net/individual/e979f1050427a84b431cbb1add,1
molecular techniques,http://info.deepcarbon.net/individual/3c6bab3191f84240f2fb9a4426,1
nanogeoscience,http://info.deepcarbon.net/individual/b6fc0e0026acb53b80cc4af38a,1
natural gas,http://info.deepcarbon.net/individual/22aed7cccf27b8eac0ad14a6f9,1
noble gas geochemistry,http://info.deepcarbon.net/individual/7cdb6b00c91a04fd1207c67be3,1
ocean observing,http://info.deepcarbon.net/individual/0a39a662fded4598f8db1269a3,1
oceanic crustal microbiology,http://info.deepcarbon.net/individual/ef9dabd02d1c57387cabe21235,1
oil and gas,http://info.deepcarbon.net/individual/c62571fded2831a7d2b874c37b,1
ore deposits,http://info.deepcarbon.net/individual/3c877f11d8f2fdbf90924b47d1,1
organic carbon biogeochemistry,http://info.deepcarbon.net/individual/43caa3f37a25dc881c690d3d34,1
organic geochemistry,http://info.deepcarbon.net/individual/2ffe6acb65716d81cf6a0883a1,1
organic geochemistry,http://info.deepcarbon.net/individual/49dda650f4dc47e8552d0145e8,1
petroleum geology,http://info.deepcarbon.net/individual/7ff1307bc161bc93e7df10cda7,1
petrology and X-ray microtomography,http://info.deepcarbon.net/individual/25d8ae70b8990cd972b93953e8,1
physics,http://info.deepcarbon.net/individual/6ab651aa8ba8084505fc075522,1
prebiotic shock synthesis,http://info.deepcarbon.net/individual/776e2f5ef3e54ecbfb5fe2df68,1
project management,http://info.deepcarbon.net/individual/a50918cead1697c7262d8958ab,1
reactive fluid transport,http://info.deepcarbon.net/individual/88043615c9f0b1f1e3b7c8db1e,1
remote sensing gas geochemistry,http://info.deepcarbon.net/individual/842a55602ce4f8eeba32480506,1
rock geochemistry,http://info.deepcarbon.net/individual/f14517e661175009744bc2616b,1
scholarly publishing,http://info.deepcarbon.net/individual/cd7e007f7aeadf93b5cb0e568f,1
scientific communication,http://info.deepcarbon.net/individual/c0f2e5e87ba60ffc5df341ef51,1
seafloor and water column mapping,http://info.deepcarbon.net/individual/f5d1dada4f67edbc5a539ecc9a,1
sediment microbiology,http://info.deepcarbon.net/individual/283da869ce5f748ff37765da10,1
several,http://info.deepcarbon.net/individual/f6244925b836c9782deba4d837,1
shale gas,http://info.deepcarbon.net/individual/949cb5f4e0cdeab0ad9b6d4470,1
speleogenesis,http://info.deepcarbon.net/individual/812714e283e95c4164e68c5e62,1
subglacial volcanism,http://info.deepcarbon.net/individual/388c87f734a8e5744d81537bd0,1
thermodynamic modelling,http://info.deepcarbon.net/individual/555570cfbc7a9aa419b52bada2,1
undefined,http://info.deepcarbon.net/individual/570767a81fe6f693f7370f440a,1
volatile elements cycle,http://info.deepcarbon.net/individual/20ba4a459b440fc290e5fb684f,1
volcanic degassing,http://info.deepcarbon.net/individual/e50f1e33dfc5a6bfa6849a2a40,1
volcanic emissions,http://info.deepcarbon.net/individual/e208ea87228d720380ced2550e,1
volcanism,http://info.deepcarbon.net/individual/c4c2ab13007b3e31f264343140,1
volcanoes,http://info.deepcarbon.net/individual/d582dac88-31ae-4207-ac13-b0812c991d2e,9